City_ID,City,Lat,Lng,Max Temp,Humidity,Cloudiness,Wind Speed,Country,Date
0,puerto natales,-51.7236,-72.4875,8.05,94,100,1.45,CL,1702168592
1,adamstown,-25.066,-130.1015,21.62,78,100,3.26,PN,1702168592
2,east london,-33.0153,27.9116,16.04,87,100,5.1,ZA,1702168592
3,edinburgh of the seven seas,-37.0676,-12.3116,13.97,76,100,7.11,SH,1702168593
4,port-aux-francais,-49.35,70.2167,3.09,80,99,12.22,TF,1702168523
5,thompson,55.7435,-97.8558,-6.91,93,100,1.54,CA,1702168471
6,grytviken,-54.2811,-36.5092,3.86,86,23,4.72,GS,1702168593
7,mtwara,-10.2667,40.1833,25.9,85,10,1.67,TZ,1702168593
8,cockburn town,21.4612,-71.1419,25.98,78,75,7.72,TC,1702168513
9,guanambi,-14.2233,-42.7814,30.13,31,100,4.42,BR,1702168593
10,walvis bay,-22.9575,14.5053,16.16,88,0,1.54,NA,1702168593
11,maintirano,-18.0667,44.0167,27.0,81,0,2.79,MG,1702168593
12,alice springs,-23.7,133.8833,14.75,94,100,8.23,AU,1702168593
13,avarua,-21.2078,-159.775,27.03,78,75,11.83,CK,1702168594
14,sierpc,52.8568,19.6691,-0.03,96,91,4.39,PL,1702168594
15,petropavlovsk-kamchatsky,53.0452,158.6483,0.33,95,75,6.71,RU,1702168594
16,port douglas,-16.4833,145.4667,28.72,58,75,2.72,AU,1702168594
17,kruisfontein,-34.0033,24.7314,13.82,89,94,1.62,ZA,1702168594
18,talnakh,69.4865,88.3972,-34.48,98,100,3.33,RU,1702168594
19,diu,20.7141,70.9822,20.7,47,0,4.79,IN,1702168594
20,arraial do cabo,-22.9661,-42.0278,23.15,72,100,3.15,BR,1702168594
21,vernon,50.2581,-119.2691,1.83,91,100,5.14,CA,1702168594
22,lebu,-37.6167,-73.65,12.65,80,0,9.33,CL,1702168595
23,port mathurin,-19.6833,63.4167,26.21,76,20,4.66,MU,1702168595
24,dudinka,69.4058,86.1778,-31.85,96,99,1.34,RU,1702168595
25,krasnyy chikoy,50.3643,108.7512,-28.33,97,19,0.59,RU,1702168595
26,port elizabeth,-33.918,25.5701,15.05,88,45,2.54,ZA,1702168595
27,yellowknife,62.456,-114.3525,-9.71,85,100,5.14,CA,1702168461
28,baranovichi,53.1327,26.0139,-3.9,95,100,5.12,BY,1702168595
29,albany,42.6001,-73.9662,9.23,83,100,0.89,US,1702168559
30,nyons,44.3333,5.1667,2.86,94,0,2.2,FR,1702168596
31,saint-pierre,-21.3393,55.4781,24.82,69,0,2.57,RE,1702168596
32,sitka,57.0531,-135.33,3.94,81,100,3.09,US,1702168596
33,ciutadella,40.0011,3.8414,15.45,79,100,4.43,ES,1702168596
34,estacion santa engracia,24.0159,-99.2015,27.06,44,0,1.88,MX,1702168596
35,aberdeen,57.1437,-2.0981,8.44,95,75,2.57,GB,1702168525
36,waitangi,-43.9535,-176.5597,15.46,90,100,4.92,NZ,1702168596
37,baiyin,36.5583,104.2081,0.34,47,100,2.12,CN,1702168596
38,dubbo,-32.25,148.6167,33.07,43,23,6.17,AU,1702168596
39,tiksi,71.6872,128.8694,-24.4,99,100,2.02,RU,1702168597
40,bilibino,68.0546,166.4372,-18.28,100,98,0.87,RU,1702168597
41,bonanza,14.0289,-84.591,21.67,93,84,1.0,NI,1702168597
42,zapala,-38.8992,-70.0544,19.66,23,0,2.16,AR,1702168597
43,pasni,25.2631,63.471,22.49,32,1,6.66,PK,1702168597
44,iqaluit,63.7506,-68.5145,-5.15,86,100,4.63,CA,1702168597
45,pont-sainte-maxence,49.3017,2.6047,10.64,81,13,8.44,FR,1702168597
46,geraldton,-28.7667,114.6,26.23,18,0,13.38,AU,1702168598
47,feldioara,45.8167,25.6,-0.78,96,100,1.09,RO,1702168598
48,novyy urgal,51.0736,132.5642,-24.39,78,66,1.93,RU,1702168598
49,sandnessjoen,66.0217,12.6316,-3.71,80,64,11.0,NO,1702168598
50,papatowai,-46.5619,169.4708,13.82,49,71,6.68,NZ,1702168598
51,carnarvon,-24.8667,113.6333,29.22,27,0,11.04,AU,1702168598
52,enewetak,11.3474,162.3373,27.33,80,8,5.99,MH,1702168598
53,hithadhoo,-0.6,73.0833,27.84,77,100,1.93,MV,1702168598
54,antofagasta,-23.65,-70.4,18.6,81,54,1.64,CL,1702168563
55,ushuaia,-54.8,-68.3,8.81,76,20,11.32,AR,1702168462
56,coquimbo,-29.9533,-71.3436,16.85,82,0,3.09,CL,1702168599
57,robertsport,6.7533,-11.3686,27.36,84,25,3.55,LR,1702168599
58,poronaysk,49.2167,143.1167,-10.79,69,22,8.95,RU,1702168599
59,stanley,54.868,-1.6985,7.38,88,75,6.69,GB,1702168599
60,shingu,33.7333,135.9833,17.44,52,0,0.43,JP,1702168599
61,punta arenas,-53.15,-70.9167,11.06,71,100,8.23,CL,1702168599
62,isafjordur,66.0755,-23.124,-2.12,86,69,2.25,IS,1702168599
63,ilulissat,69.2167,-51.1,-5.99,73,75,5.66,GL,1702168599
64,hawaiian paradise park,19.5933,-154.9731,26.73,80,20,3.6,US,1702168600
65,boyolangu,-8.1181,111.8935,28.03,71,52,3.71,ID,1702168600
66,port augusta,-32.5,137.7667,18.85,80,100,8.64,AU,1702168600
67,tazovsky,67.4667,78.7,-38.22,100,62,1.68,RU,1702168341
68,kisangani,0.5167,25.2,22.25,97,100,1.1,CD,1702168600
69,siwa oasis,29.2041,25.5195,14.88,44,100,2.98,EG,1702168600
70,west island,-12.1568,96.8225,26.99,78,40,7.72,CC,1702168600
71,udachny,66.4167,112.4,-30.31,82,100,2.23,RU,1702168600
72,ramanayyapeta,16.9452,82.2385,23.23,94,7,1.8,IN,1702168601
73,blackmans bay,-43.0167,147.3167,18.07,51,0,0.45,AU,1702168601
74,acarau,-2.8856,-40.12,26.98,76,47,8.03,BR,1702168601
75,codrington,-38.2667,141.9667,16.57,57,98,8.31,AU,1702168601
76,longyearbyen,78.2186,15.6401,-5.09,58,75,8.75,SJ,1702168436
77,lompoc,34.6391,-120.4579,20.08,49,0,2.57,US,1702168601
78,el granada,37.5027,-122.4694,15.51,53,0,4.12,US,1702168601
79,klyuchi,52.2667,79.1667,-20.91,74,64,1.56,RU,1702168601
80,sompeta,18.9333,84.6,21.26,78,12,1.8,IN,1702168601
81,tefe,-3.3542,-64.7114,26.06,94,20,0.0,BR,1702168549
82,hasaki,35.7333,140.8333,14.05,55,0,2.41,JP,1702168601
83,senak'i,42.2704,42.0675,12.05,64,100,5.53,GE,1702168601
84,shahpur,16.7,76.8333,20.13,73,7,2.65,IN,1702168602
85,rio grande,-32.035,-52.0986,20.06,76,13,8.87,BR,1702168602
86,new norfolk,-42.7826,147.0587,18.73,29,4,1.16,AU,1702168602
87,invercargill,-46.4,168.35,13.41,54,31,6.96,NZ,1702168566
88,khalkhal,37.6189,48.5258,4.38,77,51,4.52,IR,1702168602
89,vilyuchinsk,52.9306,158.4028,1.15,98,100,8.13,RU,1702168602
90,bredasdorp,-34.5322,20.0403,15.34,84,40,2.64,ZA,1702168602
91,kotel'nikovo,47.6317,43.1461,-2.74,85,100,8.67,RU,1702168602
92,puerto ayora,-0.7393,-90.3518,24.19,96,41,2.24,EC,1702168602
93,razole,16.4833,81.8333,21.33,95,11,1.72,IN,1702168602
94,tsiombe,-25.3,45.4833,21.67,84,0,1.93,MG,1702168602
95,karkira,36.9292,6.5856,12.52,82,63,4.15,DZ,1702168603
96,priozersk,61.0393,30.1291,-9.44,84,100,4.78,RU,1702168603
97,chonchi,-42.6128,-73.8092,13.56,90,81,0.81,CL,1702168603
98,az zuwaytinah,30.9522,20.1202,15.55,73,98,3.73,LY,1702168603
99,naxos,37.1056,25.3764,12.95,84,100,2.24,GR,1702168603
100,diamantina,-18.2494,-43.6003,18.14,88,96,3.41,BR,1702168603
101,bhaisa,19.1,77.9667,17.43,66,1,1.07,IN,1702168603
102,georgetown,5.4112,100.3354,28.3,86,20,2.06,MY,1702168603
103,touros,-5.1989,-35.4608,26.66,75,51,6.73,BR,1702168603
104,lihue,21.9789,-159.3672,26.36,71,0,2.57,US,1702168604
105,juruti,-2.1522,-56.0922,26.64,77,100,0.64,BR,1702168604
106,sabzevar,36.2126,57.6819,8.18,42,6,1.2,IR,1702168604
107,keflavik,64.0049,-22.5624,1.24,80,0,1.54,IS,1702168604
108,ribeira grande,38.5167,-28.7,18.76,91,100,7.6,PT,1702168604
109,haiku-pauwela,20.9219,-156.3051,27.01,68,40,9.26,US,1702168604
110,san antonio de pale,-1.4014,5.6325,27.22,80,50,5.73,GQ,1702168604
111,akrehamn,59.2667,5.1833,6.34,52,75,9.26,NO,1702168604
112,afaahiti,-17.75,-149.2833,29.93,84,97,10.42,PF,1702168604
113,vila franca do campo,37.7167,-25.4333,19.23,99,100,8.29,PT,1702168604
114,hotan,37.0997,79.9269,6.18,22,100,3.18,CN,1702168604
115,fort bragg,35.139,-79.006,18.91,74,75,1.54,US,1702168605
116,nar'yan-mar,67.6713,53.087,-27.16,92,12,2.68,RU,1702168605
117,beli,7.8587,10.9719,24.14,27,29,0.92,NG,1702168605
118,gazli,40.1333,63.45,-2.17,40,28,6.72,UZ,1702168605
119,miandrivazo,-19.5167,45.4667,27.51,74,13,1.47,MG,1702168605
120,kattivakkam,13.2167,80.3167,26.05,81,1,4.04,IN,1702168605
121,broome,42.2506,-75.833,10.43,85,100,0.89,US,1702168605
122,carloforte,39.145,8.3058,15.84,76,100,7.46,IT,1702168605
123,fauske,67.2588,15.3918,-1.98,81,91,5.25,NO,1702168605
124,utrik,11.2278,169.8474,27.31,79,100,8.38,MH,1702168605
125,kapuskasing,49.4169,-82.4331,3.0,93,100,2.06,CA,1702168605
126,port isabel,26.0734,-97.2086,25.04,85,13,0.45,US,1702168606
127,chifeng,42.2683,118.9636,-10.38,29,100,1.38,CN,1702168606
128,south hedland,-20.4089,118.5983,29.96,25,6,9.77,AU,1702168606
129,besikduzu,41.052,39.2284,13.94,72,59,3.56,TR,1702168606
130,ancud,-41.8697,-73.8203,11.16,92,100,1.86,CL,1702168606
131,tidjikja,18.5564,-11.4271,20.94,20,58,5.36,MR,1702168606
132,kosong,38.3788,128.4676,9.27,90,93,4.64,KR,1702168606
133,al jumum,21.6169,39.6981,25.14,71,27,1.47,SA,1702168606
134,kodiak,57.79,-152.4072,-3.27,59,0,3.09,US,1702168448
135,iskateley,67.6803,53.1512,-27.21,92,12,2.68,RU,1702168606
136,margaret river,-33.95,115.0667,19.71,35,0,4.06,AU,1702168606
137,robore,-18.3333,-59.75,27.64,59,67,1.81,BO,1702168606
138,ust-nera,64.5667,143.2,-17.46,99,100,1.7,RU,1702168607
139,wetaskiwin,52.9668,-113.3687,-6.11,81,100,5.12,CA,1702168607
140,sernancelhe,40.921,-7.5123,13.5,98,100,2.29,PT,1702168607
141,qaqortoq,60.7167,-46.0333,-4.18,74,100,2.92,GL,1702168607
142,namsos,64.4662,11.4957,1.03,74,40,6.17,NO,1702168607
143,baihar,22.1,80.55,13.15,75,2,0.6,IN,1702168607
144,qamdo,31.1667,97.2333,-7.33,66,69,2.44,CN,1702168607
145,wailua homesteads,22.0669,-159.378,26.03,77,0,2.57,US,1702168607
146,newman,37.3138,-121.0208,14.13,44,68,0.89,US,1702168607
147,shetpe,44.1667,52.1167,-1.62,38,100,9.96,KZ,1702168607
148,hobyo,5.3505,48.5268,26.56,77,72,8.15,SO,1702168607
149,whitehorse,60.7161,-135.0538,-9.95,84,100,3.09,CA,1702168607
150,murehwa,-17.6432,31.784,22.02,46,29,3.08,ZW,1702168608
151,jamestown,42.097,-79.2353,14.77,79,100,5.66,US,1702168433
152,kayangel,8.0823,134.7173,28.59,76,100,6.68,PW,1702168608
153,dalnegorsk,44.5604,135.5701,-11.89,66,9,5.81,RU,1702168608
154,plettenberg bay,-34.0527,23.3716,13.54,88,60,1.31,ZA,1702168608
155,bethel,41.3712,-73.414,9.55,87,100,0.0,US,1702168484
156,itoman,26.1247,127.6694,25.22,73,75,3.09,JP,1702168608
157,catende,-8.6667,-35.7167,23.4,85,100,2.19,BR,1702168608
158,kolonia,50.9333,6.95,11.05,71,75,8.75,DE,1702168408
159,hamilton,39.1834,-84.5333,13.82,93,100,6.17,US,1702168562
160,kapa'a,22.0752,-159.319,26.77,77,0,2.57,US,1702168608
161,sisimiut,66.9395,-53.6735,-7.76,82,99,3.84,GL,1702168608
162,aasiaat,68.7098,-52.8699,-10.99,86,100,2.97,GL,1702168608
163,taoudenni,22.6783,-3.9836,20.61,29,50,5.89,ML,1702168608
164,nemuro,43.3236,145.575,3.77,55,89,5.29,JP,1702168609
165,sumberpucung,-8.1586,112.4829,26.49,78,36,2.2,ID,1702168609
166,gaigeturi,33.4644,126.3183,17.03,63,20,2.06,KR,1702168609
167,susuman,62.7833,148.1667,-16.68,97,100,0.89,RU,1702168609
168,concepcion del bermejo,-26.5993,-60.9462,23.36,90,94,3.77,AR,1702168609
169,naracoorte,-36.9579,140.7383,19.0,43,100,7.36,AU,1702168609
170,fukuecho,32.6881,128.8419,18.2,77,20,3.6,JP,1702168609
171,margate,51.3813,1.3862,9.37,65,9,6.71,GB,1702168609
172,namibe,-15.1961,12.1522,24.06,81,100,2.39,AO,1702168609
173,coahuayana de hidalgo,18.7,-103.6583,24.84,77,0,0.46,MX,1702168609
174,aras-asan,8.8908,126.3033,27.79,77,100,2.07,PH,1702168609
175,sawai madhopur,25.9833,76.3667,14.8,61,0,1.18,IN,1702168610
176,greymouth,-42.4667,171.2,15.82,55,4,6.76,NZ,1702168610
177,port lincoln,-34.7333,135.8667,13.55,89,100,12.26,AU,1702168581
178,dunda,-8.1167,34.25,19.42,91,100,0.76,TZ,1702168610
179,zdvinsk,54.7021,78.661,-28.67,93,100,2.3,RU,1702168610
180,road town,18.4167,-64.6167,27.05,74,40,6.69,VG,1702168610
181,el abiodh sidi cheikh,32.893,0.5484,9.46,59,26,3.86,DZ,1702168610
182,lae,-6.7221,146.9847,31.37,62,69,3.3,PG,1702168610
183,bataipora,-22.2953,-53.2711,25.87,74,0,2.55,BR,1702168610
184,gadzhiyevo,69.2551,33.3362,-14.05,93,76,7.24,RU,1702168610
185,camiri,-20.05,-63.5167,24.57,62,97,1.96,BO,1702168610
186,takahagi,36.7167,140.7167,16.21,62,0,0.45,JP,1702168610
187,levuka,50.1834,-105.4011,-6.1,65,3,3.47,CA,1702168611
188,hermanus,-34.4187,19.2345,15.45,86,3,4.25,ZA,1702168611
189,new plymouth,-39.0667,174.0833,17.67,94,100,6.45,NZ,1702168611
190,st. john's,47.5649,-52.7093,2.1,87,75,12.35,CA,1702168374
191,fisterra,42.9049,-9.2629,17.64,98,100,9.02,ES,1702168611
192,sao gabriel da cachoeira,-0.1303,-67.0892,23.77,98,100,0.33,BR,1702168611
193,tukrah,32.5341,20.5791,16.17,62,100,7.3,LY,1702168611
194,naha,26.2125,127.6811,25.16,73,75,3.6,JP,1702168611
195,port alfred,-33.5906,26.891,13.99,95,100,3.63,ZA,1702168611
196,portland,45.5234,-122.6762,6.16,92,100,7.72,US,1702168080
197,cidade velha,14.9167,-23.6167,25.26,36,20,4.12,CV,1702168611
198,pandan,14.0453,124.1694,28.04,76,6,3.97,PH,1702168611
199,kone,-21.0595,164.8658,29.69,41,97,4.43,NC,1702168611
200,lagoa,39.05,-27.9833,18.09,84,100,11.56,PT,1702168611
201,murghob,38.1702,73.9667,-17.55,80,1,2.15,TJ,1702168612
202,usinsk,65.9939,57.5281,-25.52,100,99,1.79,RU,1702168612
203,ingleside,27.8778,-97.2117,24.05,93,40,1.54,US,1702168571
204,kalabo,-14.97,22.6814,22.91,69,10,3.05,ZM,1702168612
205,dryden,49.7833,-92.7503,-7.84,86,100,4.12,CA,1702168612
206,linfen,36.0889,111.5189,2.74,79,100,6.1,CN,1702168612
207,silute,55.3489,21.4831,-3.6,96,100,4.05,LT,1702168612
208,bu'aale,1.0833,42.5833,23.06,89,14,2.15,SO,1702168612
209,fort st. john,56.2499,-120.8529,-5.06,74,100,5.14,CA,1702168505
210,queenstown,-31.8976,26.8753,11.19,92,100,1.9,ZA,1702168495
211,mocajuba,-2.5842,-49.5072,25.81,83,41,1.28,BR,1702168612
212,olonkinbyen,70.9221,-8.7187,-5.93,65,100,4.59,SJ,1702168612
213,constantia,44.1833,28.65,-0.62,85,83,4.59,RO,1702168613
214,badger,64.8,-147.5333,-23.13,74,0,0.0,US,1702168613
215,jetpur,21.7333,70.6167,17.97,43,0,2.71,IN,1702168613
216,ust'-ilimsk,58.0006,102.6619,-31.9,99,86,1.71,RU,1702168613
217,nizhneangarsk,55.7833,109.55,-27.78,88,43,3.58,RU,1702168613
218,ponta delgada,37.7333,-25.6667,19.4,100,75,9.77,PT,1702168613
219,lazaro cardenas,17.9583,-102.2,25.79,78,4,1.3,MX,1702168613
220,lucapa,-8.4192,20.7447,17.5,97,96,0.69,AO,1702168613
221,qa'en,33.7265,59.1844,7.15,36,0,2.56,IR,1702168613
222,colonia,50.9333,6.95,11.05,71,75,8.75,DE,1702168613
223,saldanha,-33.0117,17.9442,14.03,85,0,7.18,ZA,1702168614
224,uturoa,-16.7333,-151.4333,27.11,80,70,8.22,PF,1702168614
225,machico,32.7,-16.7667,20.35,69,75,4.12,PT,1702168614
226,cabo san lucas,22.8909,-109.9124,26.17,70,0,2.57,MX,1702168260
227,la passe,45.5549,-0.8967,12.21,88,100,4.73,FR,1702168614
228,centerville,39.6284,-84.1594,13.18,95,100,3.6,US,1702168607
229,sur,22.5667,59.5289,22.12,53,1,2.13,OM,1702168371
230,kristiansund,63.1115,7.732,0.36,69,20,2.06,NO,1702168614
231,holualoa,19.6228,-155.9522,25.91,74,20,5.14,US,1702168614
232,port saint john's,-31.6229,29.5448,19.32,86,100,4.67,ZA,1702168614
233,yashkul',46.1711,45.3435,1.31,72,100,8.7,RU,1702168614
234,colonia menno,-22.3667,-59.8167,31.64,42,64,3.58,PY,1702168614
235,conde,-7.2597,-34.9075,26.7,78,40,3.6,BR,1702168614
236,kavaratti,10.5669,72.642,28.36,75,82,4.06,IN,1702168615
237,mohr,54.3528,9.7167,4.97,94,100,6.17,DE,1702168615
238,isangel,-19.55,169.2667,26.6,64,100,7.99,VU,1702168615
239,kununurra,-15.7667,128.7333,29.99,74,75,3.09,AU,1702168615
240,college,64.8569,-147.8028,-23.08,71,20,0.0,US,1702168615
241,tual,-5.6667,132.75,27.48,82,100,6.01,ID,1702168615
242,chinchilla,-26.75,150.6333,30.93,29,1,7.83,AU,1702168615
243,leava,-14.3,-178.1667,28.31,72,100,2.46,WF,1702168615
244,tura,25.5198,90.2201,14.61,67,0,1.25,IN,1702168615
245,impfondo,1.6381,18.0667,22.18,94,71,0.87,CG,1702168615
246,papao,-17.75,-149.55,30.82,84,98,11.65,PF,1702168615
247,katsuren-haebaru,26.3369,127.8719,25.22,69,40,3.6,JP,1702168615
248,nova sintra,14.8667,-24.7167,22.74,72,50,4.4,CV,1702168615
249,mount isa,-20.7333,139.5,34.87,38,0,4.12,AU,1702168616
250,mount gambier,-37.8333,140.7667,14.65,60,100,6.67,AU,1702168616
251,smithers,54.7804,-127.1743,-1.82,86,75,3.6,CA,1702168616
252,thal,35.4791,72.2439,-2.37,44,0,4.34,PK,1702168616
253,weligama,5.9667,80.4167,24.56,90,52,1.37,LK,1702168616
254,strezhevoy,60.7333,77.5889,-27.8,99,41,2.68,RU,1702168337
255,quba,41.3626,48.5152,7.14,76,100,1.42,AZ,1702168616
256,amga,60.8953,131.9608,-31.12,95,100,2.59,RU,1702168616
257,vilyuysk,63.7553,121.6247,-25.31,96,100,3.07,RU,1702168616
258,atafu village,-8.5421,-172.5159,29.18,75,96,4.17,TK,1702168616
259,faya-largeau,17.9257,19.1043,20.47,24,56,3.16,TD,1702168616
260,cole harbour,44.6724,-63.4751,1.71,90,60,0.0,CA,1702168616
261,pursat,12.3333,103.6667,26.12,72,91,0.31,KH,1702168616
262,camana,-16.6228,-72.7111,19.99,80,99,1.98,PE,1702168617
263,otjimbingwe,-22.35,16.1333,22.26,38,20,3.32,NA,1702168617
264,rikaze,29.25,88.8833,-3.84,54,0,2.2,CN,1702168617
265,aykhal,66.0,111.5,-29.79,98,100,2.42,RU,1702168617
266,praia da vitoria,38.7333,-27.0667,19.14,82,75,9.0,PT,1702168617
267,selfoss,63.9331,-20.9971,-5.53,65,13,3.41,IS,1702168617
268,karratha,-20.7377,116.8463,30.11,24,16,11.44,AU,1702168617
269,puerto aysen,-45.4,-72.7,9.3,99,100,2.45,CL,1702168617
270,luderitz,-26.6481,15.1594,15.19,82,0,9.0,NA,1702168617
271,qusmuryn,52.4503,64.6311,-29.25,99,31,1.05,KZ,1702168617
272,angaur state,6.906,134.13,28.74,76,76,6.56,PW,1702168618
273,kingston,17.997,-76.7936,27.53,86,20,5.14,JM,1702168265
274,juegang,32.3174,121.1855,13.48,96,100,6.64,CN,1702168618
275,borgo val di taro,44.487,9.7658,10.15,94,100,0.89,IT,1702168618
276,kavieng,-2.5744,150.7967,27.09,84,100,4.79,PG,1702168618
277,bay roberts,47.5999,-53.2648,2.3,87,100,3.58,CA,1702168618
278,san pedro,14.35,121.0167,29.08,71,20,4.02,PH,1702168618
279,medicine hat,50.0501,-110.6683,-0.99,73,100,5.66,CA,1702168520
280,rockland,41.1668,-74.0496,10.81,89,100,1.28,US,1702168618
281,cidreira,-30.1811,-50.2056,20.41,77,48,9.19,BR,1702168618
282,flying fish cove,-10.4217,105.6791,25.82,78,75,4.12,CX,1702168618
283,kashgar,39.4547,75.9797,4.56,26,40,1.0,CN,1702168618
284,moree,-29.4667,149.85,32.74,28,0,5.58,AU,1702168569
285,nizhneudinsk,54.9076,99.0276,-31.63,98,28,0.95,RU,1702168618
286,swanage,50.6092,-1.9626,10.87,83,0,10.95,GB,1702168618
287,konarka,19.9,86.1167,19.22,68,6,2.95,IN,1702168619
288,kencong,-8.2833,113.3667,28.13,71,95,1.6,ID,1702168619
289,emerald,-23.5333,148.1667,29.08,46,0,8.38,AU,1702168599
290,alofi,-19.0595,-169.9187,25.94,83,100,6.17,NU,1702168619
291,santa cruz,-17.8,-63.1667,28.7,70,67,4.12,BO,1702168497
292,baiti,13.745,-14.7482,25.89,14,2,4.25,SN,1702168619
293,artondale,47.2995,-122.6207,5.72,88,100,0.0,US,1702168619
294,forster,-32.1667,152.5167,26.88,73,39,3.71,AU,1702168619
295,barra da estiva,-13.6261,-41.3269,20.95,64,58,2.51,BR,1702168619
296,okhotsk,59.3833,143.3,-0.9,95,100,11.8,RU,1702168619
297,isla del bosque,22.7333,-105.85,23.26,72,0,3.81,MX,1702168619
298,serowe,-22.3833,26.7167,21.02,77,100,2.42,BW,1702168619
299,mejit,10.2753,170.8646,27.38,80,69,8.91,MH,1702168620
300,brookings,44.3114,-96.7984,-4.0,86,75,9.26,US,1702168591
301,gemena,3.25,19.7667,21.46,88,100,1.09,CD,1702168620
302,saipan,15.1355,145.701,29.39,74,20,7.2,MP,1702168620
303,dampit,-8.2116,112.7493,25.93,78,42,1.87,ID,1702168620
304,fale old settlement,-9.3852,-171.2468,29.21,72,100,3.54,TK,1702168620
305,santana,-0.0583,-51.1817,29.1,70,0,2.57,BR,1702168406
306,bedminster,40.4259,-75.1791,9.36,84,75,0.0,US,1702168620
307,puerto lempira,15.2667,-83.7667,28.08,83,20,0.0,HN,1702168620
308,dhemaji,27.4833,94.5833,18.04,85,50,1.54,IN,1702168620
309,carbonear,47.7332,-53.2148,3.01,86,100,8.92,CA,1702168620
310,rongelap,11.1635,166.8941,27.51,72,78,8.15,MH,1702168620
311,olyokminsk,60.3736,120.4264,-27.13,90,100,4.17,RU,1702168621
312,salekhard,66.53,66.6019,-26.73,100,96,1.81,RU,1702168400
313,mabaruma,8.2,-59.7833,22.8,95,7,1.11,GY,1702168621
314,crane,31.3974,-102.3501,7.44,45,0,10.37,US,1702168621
315,al hindiyah,32.5433,44.2225,17.07,52,68,1.94,IQ,1702168621
316,lorengau,-2.0226,147.2712,27.67,85,100,6.82,PG,1702168621
317,kendari,-3.945,122.4989,27.44,79,100,1.17,ID,1702168621
318,kalmunai,7.4167,81.8167,25.21,89,89,2.63,LK,1702168621
319,nadym,65.5333,72.5167,-39.92,100,53,1.26,RU,1702168621
320,fallsburg,41.732,-74.6013,6.77,90,100,0.32,US,1702168621
321,brokopondo,4.75,-55.1667,25.04,88,7,4.32,SR,1702168621
322,diego de almagro,-26.3667,-70.05,20.45,45,0,1.24,CL,1702168621
323,mangrol,21.1167,70.1167,20.31,46,0,4.68,IN,1702168622
324,tortoli,39.9256,9.6572,13.9,58,100,4.63,IT,1702168622
325,berezovyy,51.6667,135.7,-17.26,57,40,3.14,RU,1702168622
326,togur,58.3631,82.8265,-24.92,96,100,3.13,RU,1702168622
327,beinamar,8.6698,15.3813,22.23,22,99,2.18,TD,1702168622
328,vila do maio,15.1333,-23.2167,25.44,75,66,5.57,CV,1702168622
329,chibougamau,49.9168,-74.3659,-0.21,93,100,6.17,CA,1702168622
330,along,28.1667,94.7667,12.75,96,80,0.4,IN,1702168622
331,oneonta,42.4529,-75.0638,8.5,83,100,2.05,US,1702168622
332,urengoy,65.9667,78.3667,-40.05,100,57,1.49,RU,1702168623
333,loja,-3.9931,-79.2042,12.59,70,100,1.83,EC,1702168623
334,esmeraldas,-19.7625,-44.3139,26.48,95,28,3.34,BR,1702168367
335,howrah,22.5892,88.3103,18.0,88,0,0.0,IN,1702168623
336,muisne,0.6,-80.0333,25.5,87,87,4.0,EC,1702168623
337,sinjar,36.3209,41.8754,11.12,79,100,1.26,IQ,1702168623
338,bangil,-7.5994,112.8186,27.99,67,75,1.2,ID,1702168623
339,vadodara,22.3,73.2,18.98,88,1,2.06,IN,1702168425
340,at taj,24.2049,23.2857,12.69,38,0,1.54,LY,1702168623
341,ust'-uda,54.1742,103.0304,-35.27,100,31,0.35,RU,1702168624
342,mananjary,-21.2167,48.3333,23.47,91,100,1.68,MG,1702168624
343,sao joao da barra,-21.6403,-41.0511,23.05,80,100,4.29,BR,1702168624
344,northam,51.0333,-4.2167,12.03,83,99,10.12,GB,1702168624
345,anadyr,64.75,177.4833,-25.72,76,64,4.0,RU,1702168624
346,blythe,33.6103,-114.5964,12.67,12,7,4.52,US,1702168624
347,mil'kovo,55.6078,37.7956,-12.59,94,100,5.34,RU,1702168624
348,shima,24.4478,117.8111,20.01,65,33,0.92,CN,1702168624
349,grand baie,-20.0182,57.5802,25.81,90,100,0.45,MU,1702168624
350,manadhoo,5.7667,73.3833,28.2,76,97,1.48,MV,1702168624
351,garden city,42.3256,-83.331,11.14,72,75,3.6,US,1702168374
352,yakeshi,49.2833,120.7333,-35.26,100,96,1.37,CN,1702168625
353,kingscliff,-28.2667,153.5667,28.74,57,75,5.66,AU,1702168625
354,changde,29.0464,111.6783,15.46,84,100,5.5,CN,1702168625
355,myitkyina,25.3833,97.4,16.27,91,16,0.82,MM,1702168625
356,san jose,37.3394,-121.895,16.14,38,75,4.63,US,1702168340
357,santa elena de uairen,4.6167,-61.1333,20.8,75,21,0.36,VE,1702168625
358,kangding,30.0513,101.9603,6.9,59,0,1.93,CN,1702168626
359,noshiro,40.2039,140.0242,7.46,71,99,4.45,JP,1702168626
360,porto novo,6.4965,2.6036,27.9,84,0,1.78,BJ,1702168626
361,brownfield,33.1812,-102.2744,3.86,35,0,4.14,US,1702168626
362,bonthe,7.5264,-12.505,26.41,86,71,2.67,SL,1702168626
363,brigantine,39.4101,-74.3646,11.68,93,40,1.79,US,1702168626
364,bima,-8.4667,118.7167,30.26,68,75,2.16,ID,1702168626
365,pechora,65.1472,57.2244,-25.64,100,100,0.89,RU,1702168626
366,tolanaro,-25.0319,46.9987,24.04,83,40,3.09,MG,1702168626
367,upington,-28.4478,21.2561,22.21,28,0,5.66,ZA,1702168598
368,roma,43.2128,-75.4557,11.16,79,100,3.6,US,1702168499
369,batu pahat,1.8548,102.9325,25.91,89,100,1.9,MY,1702168627
370,lenah valley,-42.8628,147.2799,18.19,49,0,4.63,AU,1702168627
371,rokycany,49.7427,13.5946,2.36,100,100,2.24,CZ,1702168627
372,los lunas,34.8062,-106.7334,4.92,30,4,0.72,US,1702168503
373,schuyler,42.4167,-76.883,12.99,78,100,3.91,US,1702168627
374,sailana,23.4667,74.9167,15.63,69,5,2.17,IN,1702168627
375,nizhniy ingash,56.2,96.53,-32.94,100,31,0.83,RU,1702168627
376,kill devil hills,36.0307,-75.676,16.66,77,0,2.57,US,1702168627
377,tayoltita,24.0833,-105.9333,16.36,52,0,1.23,MX,1702168627
378,antsiranana,-12.2787,49.2917,25.31,87,100,6.07,MG,1702168628
379,kothi,24.75,80.7833,15.27,62,0,1.68,IN,1702168628
380,kemin,42.7846,75.6892,-9.64,76,100,2.28,KG,1702168628
381,lucas,41.6501,-83.6666,11.98,68,100,3.6,US,1702168380
382,greenville,35.6127,-77.3663,17.3,87,0,3.6,US,1702168547
383,qulsary,46.9531,54.0198,-4.89,50,100,9.24,KZ,1702168628
384,adrar,20.5022,-10.0711,19.09,29,100,4.96,MR,1702168628
385,callao,-12.0667,-77.15,22.62,77,20,6.69,PE,1702168618
386,potchefstroom,-26.7167,27.1,19.24,72,100,5.88,ZA,1702168628
387,saint-philippe,-21.3585,55.7679,24.77,86,38,4.49,RE,1702168628
388,faridpur,23.6,89.8333,17.98,66,0,2.49,BD,1702168628
389,valle de la pascua,9.2155,-66.0073,25.39,76,42,3.26,VE,1702168628
390,kargil,34.5667,76.1,-8.79,44,1,0.97,IN,1702168629
391,zhezqazghan,47.7833,67.7667,-17.8,53,0,2.5,KZ,1702168629
392,tete,-16.1564,33.5867,30.05,45,0,2.06,MZ,1702168629
393,maragogi,-9.0122,-35.2225,26.0,74,100,4.43,BR,1702168629
394,nova vicosa,-17.8919,-39.3719,24.67,87,37,2.58,BR,1702168629
395,hajiganj,23.2511,90.8592,18.25,76,0,1.97,BD,1702168629
396,poso,-1.3959,120.7524,29.59,64,76,0.22,ID,1702168629
397,sao jose da coroa grande,-8.8978,-35.1478,25.98,74,100,4.38,BR,1702168629
398,otukpa,7.0892,7.6499,23.14,25,0,1.36,NG,1702168629
399,ouahigouya,13.5828,-2.4216,22.25,15,38,3.53,BF,1702168629
400,hammerfest,70.6634,23.6821,-8.75,62,97,1.54,NO,1702168629
401,tabas,33.5959,56.9244,9.12,37,0,1.03,IR,1702168630
402,mongoumba,3.6415,18.5936,22.37,79,85,1.18,CF,1702168630
403,santo antonio,-6.3106,-35.4789,25.18,78,100,4.23,BR,1702168630
404,kushva,58.2906,59.7592,-25.54,100,95,1.37,RU,1702168341
405,tofol,5.3248,163.0078,28.88,79,100,7.72,FM,1702168630
406,pokhara,28.2333,83.9833,12.59,45,46,1.83,NP,1702168630
407,hermosillo,29.0667,-110.9667,25.51,22,0,4.02,MX,1702168359
408,bel ombre,-4.6167,55.4167,26.91,83,40,4.63,SC,1702168630
409,arkhangel'sk,64.5401,40.5433,-19.93,76,20,4.0,RU,1702168630
410,yoichi,43.2039,140.7703,-0.36,63,100,9.55,JP,1702168631
411,miquelon,47.0975,-56.3814,3.0,79,6,7.67,PM,1702168631
412,dauphin,51.1494,-100.0502,-4.92,80,75,6.17,CA,1702168631
413,ta'izz,13.5,44.0,14.41,77,53,3.64,YE,1702168386
414,ola,59.5833,151.2833,-3.25,82,100,7.42,RU,1702168631
415,noumea,-22.2763,166.4572,30.99,99,100,9.64,NC,1702168356
416,karabuk,41.2049,32.6277,7.69,95,100,2.28,TR,1702168631
417,heilbad heiligenstadt,51.3833,10.1333,6.75,92,100,1.79,DE,1702168631
418,prince george,53.9166,-122.753,-0.31,93,100,10.29,CA,1702168421
419,vorkuta,67.5,64.0,-24.02,100,100,2.14,RU,1702168631
420,puerto palomas,31.7667,-107.6167,7.22,15,1,6.27,MX,1702168632
421,port de pollenca,39.9075,3.0814,16.02,80,100,7.12,ES,1702168632
422,kargasok,59.0556,80.8572,-24.56,96,99,3.64,RU,1702168632
423,barda,40.3744,47.1267,8.77,81,100,3.15,AZ,1702168632
424,bellinzago novarese,45.5688,8.6432,5.76,90,100,2.06,IT,1702168632
425,romanovka,51.7443,42.7527,-8.23,86,100,6.85,RU,1702168632
426,axim,4.8699,-2.2405,26.48,85,5,1.95,GH,1702168632
427,qorveh,35.1664,47.8045,3.56,71,50,2.81,IR,1702168632
428,sai kung,22.3822,114.2728,25.95,84,98,0.45,CN,1702168632
429,goronyo,13.4423,5.6763,22.32,15,100,3.3,NG,1702168632
430,inari,68.906,27.0288,-16.89,93,90,3.55,FI,1702168633
431,salalah,17.0151,54.0924,23.05,53,0,1.54,OM,1702168633
432,kankara,11.9302,7.4127,17.89,16,72,3.11,NG,1702168633
433,paka,4.6374,103.4368,24.96,94,20,0.0,MY,1702168633
434,la ronge,55.1001,-105.2842,-11.86,85,0,1.03,CA,1702168633
435,sola,-13.8833,167.55,26.49,77,99,8.63,VU,1702168633
436,bukama,-9.2,25.85,20.02,95,99,0.76,CD,1702168633
437,punta del este,-34.9667,-54.95,18.06,82,0,5.66,UY,1702168633
438,nadi,-17.8,177.4167,31.0,55,40,6.17,FJ,1702168633
439,hadibu,12.65,54.0333,24.46,76,69,5.29,YE,1702168633
440,camalu,30.85,-116.0667,18.14,40,12,0.92,MX,1702168634
441,gaspe,48.8334,-64.4819,0.95,86,20,0.0,CA,1702168634
442,amqui,48.4638,-67.4313,-4.41,86,100,2.14,CA,1702168387
443,kingsville,27.5159,-97.8561,26.98,77,100,3.09,US,1702168378
444,anamosa,42.1083,-91.2852,0.23,80,49,7.94,US,1702168634
445,onoda,34.0014,131.1836,15.16,82,40,0.51,JP,1702168634
446,morondava,-20.2833,44.2833,26.32,72,3,1.58,MG,1702168634
447,nha trang,12.25,109.1833,25.0,81,42,2.25,VN,1702168634
448,katabu,-4.9333,122.5167,29.96,67,80,1.91,ID,1702168634
449,tuban,-6.8976,112.0649,28.63,70,96,4.77,ID,1702168634
450,mount pearl,47.5166,-52.7813,1.64,87,75,12.35,CA,1702168634
451,tabou,4.423,-7.3528,26.58,84,5,2.63,CI,1702168635
452,belmonte,-15.8631,-38.8828,24.95,88,21,3.08,BR,1702168635
453,cabedelo,-6.9811,-34.8339,27.37,73,97,6.12,BR,1702168635
454,kailua-kona,19.6406,-155.9956,27.98,73,20,5.14,US,1702168635
455,hoeryong,42.4428,129.7508,-6.08,24,7,4.1,KP,1702168635
456,weno,7.4515,151.8468,27.38,85,100,9.55,FM,1702168635
457,ghat,24.9647,10.1728,10.31,50,0,4.43,LY,1702168635
458,rapla,59.0072,24.7928,-8.16,94,100,3.26,EE,1702168635
459,ostrogozhsk,50.8664,39.0756,-5.18,94,100,5.66,RU,1702168635
460,cheremukhovo,60.3484,59.9851,-24.46,91,100,1.34,RU,1702168635
461,gorom-gorom,14.4439,-0.2361,23.19,13,23,3.57,BF,1702168636
462,san patricio,28.017,-97.5169,23.97,69,100,7.0,US,1702168636
463,guerrero negro,27.9769,-114.0611,21.32,42,0,1.84,MX,1702168376
464,nuuk,64.1835,-51.7216,-0.66,80,75,2.06,GL,1702168633
465,jiuquan,39.7432,98.5174,-3.82,36,100,1.29,CN,1702168636
466,solikamsk,59.6196,56.7729,-33.93,100,13,0.41,RU,1702168636
467,foumban,5.7291,10.9001,18.41,56,25,1.31,CM,1702168636
468,nabire,-3.3667,135.4833,29.63,72,100,1.1,ID,1702168636
469,krasnokamsk,58.0802,55.7541,-28.91,100,32,0.39,RU,1702168636
470,kostanay,53.1667,63.5833,-25.84,84,100,3.0,KZ,1702168636
471,mandalgovi,45.7625,106.2708,-15.1,48,100,3.92,MN,1702168636
472,mirny,62.5353,113.9611,-27.88,96,100,3.64,RU,1702168637
473,rada tilly,-45.9333,-67.5333,14.27,67,0,4.12,AR,1702168637
474,fortuna,40.5982,-124.1573,11.66,77,0,0.0,US,1702168637
475,koulikoro,14.0,-7.75,20.33,17,100,3.84,ML,1702168637
476,chowchilla,37.123,-120.2602,16.01,39,0,0.0,US,1702168637
477,tocopilla,-22.092,-70.1979,20.04,72,99,2.78,CL,1702168637
478,vorgashor,67.5833,63.95,-23.71,100,100,2.19,RU,1702168637
479,tindouf,27.6711,-8.1474,17.25,34,0,2.06,DZ,1702168637
480,pangody,65.85,74.4859,-39.5,100,49,1.64,RU,1702168611
481,chonglong,29.7806,104.8522,15.05,70,100,0.95,CN,1702168638
482,mata-utu,-13.2816,-176.1745,28.42,69,90,2.12,WF,1702168638
483,palmer,42.1584,-72.3287,9.23,82,75,1.54,US,1702168638
484,al bawiti,28.3492,28.8659,12.99,53,6,2.45,EG,1702168638
485,christchurch,-43.5333,172.6333,13.3,65,100,4.12,NZ,1702168388
486,tibati,6.4667,12.6333,21.55,30,27,0.56,CM,1702168638
487,chaah,2.249,103.048,25.86,89,100,1.36,MY,1702168638
488,alaghsas,17.0187,8.0168,19.23,18,0,2.78,NE,1702168638
489,el calafate,-50.3408,-72.2768,11.74,71,100,5.09,AR,1702168638
490,vadso,70.0744,29.7487,-11.91,85,75,11.32,NO,1702168638
491,malanville,11.8685,3.3899,21.46,13,82,2.48,BJ,1702168639
492,jiaojiang,28.6803,121.4428,15.0,72,95,0.57,CN,1702168639
493,labytnangi,66.6572,66.4183,-27.26,99,77,0.88,RU,1702168344
494,manay,7.215,126.5397,28.9,69,75,3.51,PH,1702168639
495,zaruma,-3.6833,-79.6167,17.0,88,99,1.05,EC,1702168639
496,sinan,34.8262,126.1086,13.06,95,40,3.78,KR,1702168639
497,nikolayevsk-on-amure,53.1406,140.73,-20.26,93,100,8.75,RU,1702168639
498,motygino,58.1831,94.7592,-35.68,100,71,0.89,RU,1702168639
499,sohag,26.557,31.6948,12.16,40,100,1.91,EG,1702168639
500,prado,-17.3411,-39.2208,24.24,93,55,2.13,BR,1702168639
501,altai,46.3722,96.2583,-15.25,75,100,1.65,MN,1702168639
502,caleta de carquin,-11.0925,-77.6267,19.9,85,100,3.75,PE,1702168640
503,salym,60.0625,71.4789,-34.24,97,17,2.1,RU,1702168640
504,darnah,32.767,22.6367,16.16,64,100,3.35,LY,1702168640
505,palamos,41.8484,3.1291,9.6,60,96,0.91,ES,1702168640
506,puerto ayacucho,5.6639,-67.6236,24.84,90,100,1.52,VE,1702168640
507,yanda bayo,11.5071,10.7459,19.0,16,100,3.58,NG,1702168640
508,bamboo flat,11.7,92.7167,25.05,100,20,1.03,IN,1702168640
509,zavety il'icha,49.0294,140.2494,-18.24,74,0,7.44,RU,1702168640
510,yulinshi,38.2906,109.7494,2.5,59,100,3.86,CN,1702168640
511,tokmok,42.8417,75.3016,-8.18,77,100,2.04,KG,1702168641
512,remire-montjoly,4.9167,-52.2667,25.02,94,0,1.03,GF,1702168641
513,hirara,24.8,125.2833,24.15,78,40,3.6,JP,1702168641
514,calama,-22.4667,-68.9333,21.27,14,0,8.75,CL,1702168641
515,sayat,38.7839,63.8803,-2.07,48,99,3.77,TM,1702168641
516,hami,42.8,93.45,-1.8,56,100,2.31,CN,1702168641
517,kilinochchi,9.3961,80.3982,25.26,89,33,3.1,LK,1702168641
518,tromso,69.6496,18.957,-3.99,58,100,6.69,NO,1702168641
519,pala,9.3642,14.9046,21.17,21,100,2.57,TD,1702168641
520,puerto baquerizo moreno,-0.9,-89.6,23.8,90,3,4.92,EC,1702168641
521,colombo,6.9319,79.8478,23.97,90,79,2.37,LK,1702168641
522,tafuna,-14.3358,-170.72,29.97,89,75,3.6,AS,1702168642
523,tadine,-21.55,167.8833,25.44,57,91,8.54,NC,1702168642
524,kidal,18.4411,1.4078,20.73,18,74,5.9,ML,1702168642
525,calingasta,-31.3308,-69.4078,20.79,50,2,3.31,AR,1702168642
526,nishinoomote,30.7333,131.0,20.31,63,20,3.09,JP,1702168642
527,gdov,58.7406,27.8122,-7.66,94,100,5.12,RU,1702168642
528,ezine,39.7856,26.3408,6.6,93,9,2.11,TR,1702168642
529,bani suwayf,29.0744,31.0979,13.68,52,2,1.62,EG,1702168511
530,melo,-32.3667,-54.1833,14.51,93,5,3.59,UY,1702168642
531,ringkobing,56.0901,8.244,3.34,97,100,9.9,DK,1702168642
532,nuku'alofa,-21.1333,-175.2,25.19,88,75,4.12,TO,1702168643
533,manokwari,-0.8667,134.0833,28.39,74,93,4.29,ID,1702168643
534,moshi,-3.35,37.3333,20.65,82,32,1.31,TZ,1702168643
535,lensk,60.7253,114.9278,-29.04,93,100,4.92,RU,1702168398
536,visby,57.6409,18.296,1.12,86,100,3.6,SE,1702168643
537,tateyama,34.9833,139.8667,15.94,48,0,2.11,JP,1702168643
538,atambua,-9.1061,124.8925,29.26,63,46,0.76,ID,1702168643
539,vershino-darasunskiy,52.35,115.5167,-30.39,94,9,1.4,RU,1702168344
540,znamenskoye,57.1281,73.8282,-28.16,100,100,1.14,RU,1702168643
541,jutai,-5.1833,-68.9,23.6,95,83,0.58,BR,1702168643
542,dowagiac,41.9842,-86.1086,7.0,72,7,5.32,US,1702168444
543,kanata,45.3159,-75.8985,1.39,95,100,3.58,CA,1702168044
544,yunfu,22.9306,112.0373,23.41,84,94,1.92,CN,1702168644
545,nogliki,51.8333,143.1667,-14.25,88,100,6.71,RU,1702168644
546,pocito,-31.6833,-68.5833,25.16,44,2,4.47,AR,1702168644
547,tinajo,29.0788,-13.7081,17.49,82,20,3.6,ES,1702168644
548,rudbar,30.15,62.6,11.3,37,0,0.76,AF,1702168644
549,bischofshofen,47.4167,13.2167,6.5,98,100,2.4,AT,1702168644
550,san marcos,33.1434,-117.1661,21.0,19,0,2.57,US,1702168644
551,lupane,-18.9315,27.807,22.38,58,66,2.89,ZW,1702168644
552,passagem franca,-6.1797,-43.7836,26.13,62,96,1.22,BR,1702168644
553,el quebrachal,-25.2833,-64.0667,23.4,83,99,2.74,AR,1702168645
554,cannonvale,-20.2833,148.7,28.66,67,49,10.14,AU,1702168645
555,ghadamis,30.1337,9.5007,10.84,79,57,5.54,LY,1702168645
556,polyarnyy,69.1989,33.4478,-13.36,92,83,7.49,RU,1702168645
557,ulladulla,-35.35,150.4667,22.65,93,100,3.19,AU,1702168562
558,ghorawal,24.7667,82.7833,14.36,49,0,1.86,IN,1702168645
559,neryungri,56.6709,124.6491,-30.99,92,100,4.49,RU,1702168645
560,ugoofaaru,5.6667,73.0,28.47,78,98,2.96,MV,1702168645
561,bardai,11.65,7.2333,17.76,16,65,3.11,NG,1702168645
562,downham market,52.6029,0.379,10.44,70,100,13.38,GB,1702168645
563,ust'-ordynskiy,52.805,104.7508,-37.04,100,23,1.52,RU,1702168645
564,springbok,-29.6643,17.8865,11.06,65,0,1.8,ZA,1702168646
565,orapa,-21.2833,25.3667,21.82,69,100,6.16,BW,1702168646
566,bor,56.3567,44.0669,-20.0,90,99,5.05,RU,1702168646
567,baley,51.6,116.6333,-32.34,98,12,1.33,RU,1702168646
568,hashtrud,37.4779,47.0508,5.34,70,67,4.4,IR,1702168646
569,toliara,-23.35,43.6667,24.37,75,0,2.05,MG,1702168646
570,pembroke,45.8168,-77.1162,1.21,92,100,3.65,CA,1702168418
571,los alamos,35.8881,-106.307,-2.12,55,0,3.09,US,1702168646
572,gordonvale,-17.0936,145.7842,34.41,59,19,3.51,AU,1702168646
573,kyaikto,17.3,97.0167,25.31,83,0,1.64,MM,1702168646
574,lata,40.1629,-8.3327,17.12,96,100,1.37,PT,1702168646
575,lospalos,-8.5186,127.0025,29.31,60,73,2.4,TL,1702168647
576,juiz de fora,-21.7642,-43.3503,17.47,96,100,1.51,BR,1702168647
577,mersing,2.4312,103.8405,23.95,100,40,2.06,MY,1702168647
578,narvik,68.4384,17.4272,-4.0,72,100,3.93,NO,1702168647
